Donor ID,Donor First Name,Donor Last Name,Email,Gender,Phone,Employer,Job Title,Age,Home Address,City,State,Zip,Volunteered in the past,2019 Gift,2018 Gift,2017 Gift,2016 Gift,2015 Gift,2014 Gift,2013 Gift,2012 Gift,2011 Gift,Assigned Target Value,Model Name: ensemble: Donor Probability Score,Model Name: ensemble: Donor Predicted Classification (>= Threshold Value)
1,Estrella,Plant,Estrella_Plant9353@nanoff.biz,Female,7-407-761-5587,Team Guard SRL,Food Technologist,45,6736 Udall   Way,Lisbon,Oregon,68770,False,96535.6,35990.85,65466.67,74071.05,43463.61,91870.99,98652.49,16559.39,75884.58,1,0.21,0
2,Harry,Hooper,Harry_Hooper4978@nimogy.biz,Male,0-383-174-3353,Team Guard SRL,Business Broker,56,6932 Bethwin  Road,Honolulu,Alaska,74240,False,55681.79,9108.68,6440.71,42169.22,99415.06,76032.01,15683.99,87287.97,9083.66,1,0.27,0
3,Stella,Armstrong,Stella_Armstrong2053@sheye.org,Female,1-788-858-0867,Telekom,Bookkeeper,55,6620 Enford   Boulevard,Columbus,Utah,29863,False,,,,,,,,,,0,0.11,0
4,Ramon,Overson,Ramon_Overson7782@bulaffy.com,Male,4-332-485-2415,ExxonMobil,Operator,70,8615 Clerkenwell Drive,Fort Lauderdale,Connecticut,74586,False,,,,,,,,,,0,0.14,0
5,Oliver,Brock,Oliver_Brock5011@deons.tech,Male,5-771-261-1701,UPC,HR Specialist,34,7371 Bury  Crossroad,New York,Oregon,58789,False,,,,,,,,,,0,0.19,0
6,Faith,Rothwell,Faith_Rothwell4040@ubusive.com,Female,5-067-044-4884,Carrefour,Fabricator,52,8765 South Lane,Omaha,New York,79560,True,,,,,,,,,,0,0.14,0
7,Chester,Lomax,Chester_Lomax1254@cispeto.com,Male,1-104-685-2304,Zepter,Fabricator,30,7622 Coborn  Rue,Garland,Florida,44899,True,,,,,,,,,,0,0.18,0
8,Percy,Collis,Percy_Collis9722@supunk.biz,Male,0-113-251-7154,ExxonMobil,Budget Analyst,58,4323 Bliss  Grove,Fremont,Iowa,20364,True,,,,,,,,,,0,0.21,0
9,Hayden,Newman,Hayden_Newman2119@zorer.org,Male,3-146-562-1831,Global Print,Systems Administrator,32,2516 Monroe Walk,Minneapolis,Connecticut,47742,False,,,,,,,,,,0,0.14,0
10,Sebastian,Barrett,Sebastian_Barrett5401@ubusive.com,Male,2-535-214-5767,BuzzFeed,Retail Trainee,69,5936 Bendall   Route,Tallahassee,Florida,15851,True,,,,,,,,,,0,0.15,0
11,Wade,Lindop,Wade_Lindop8399@acrit.org,Male,8-335-702-6062,Demaco,Software Engineer,73,5130 Yoakley Rue,Garland,Colorado,45838,True,,,,,,,,,,0,0.21,0
12,Lana,Lee,Lana_Lee1689@deons.tech,Female,5-576-018-2463,Mars,Accountant,27,915 Calvin   Hill,St. Louis,Massachussets,94042,True,,,,,,,,,,0,0.2,0
13,Fred,Vass,Fred_Vass2293@guentu.biz,Male,8-163-821-5737,Boeing,Design Engineer,54,5996 Cheney  Boulevard,San Francisco,South Dakota,95808,True,,,,,,,,,,0,0.17,0
14,Peter,Brennan,Peter_Brennan5410@joiniaa.com,Male,4-851-658-2074,AECOM,Project Manager,41,8714 Beaconsfield  Alley,Escondido,Connecticut,88649,True,,,,,,,,,,0,0.15,0
15,George,Ellery,George_Ellery7277@deons.tech,Male,1-665-844-1415,Danone,Service Supervisor,43,7526 Carolina  Vale,Jacksonville,Alabama,19625,True,,,17489.99,95855.82,83463.68,42076.67,32014.91,49960.0,60798.48,1,0.25,0
16,Belinda,Durrant,Belinda_Durrant3349@sheye.org,Female,7-387-378-2014,Biolife Grup,HR Specialist,57,922 Calderwood   Avenue,Berna,Arizona,29163,False,,,69117.01,65335.74,21426.46,23526.38,83992.22,49099.04,41748.69,1,0.26,0
17,Brooklyn,Knight,Brooklyn_Knight9841@twace.org,Female,4-116-605-0332,ExxonMobil,Assistant Buyer,25,8362 West Walk,Prague,Colorado,45635,False,,,81297.47,,,50199.52,,,3700.27,0,0.17,0
18,Johnathan,Raven,Johnathan_Raven3881@hourpy.biz,Male,3-130-626-5783,21st Century Fox,Software Engineer,34,8470 Cleaver Drive,El Paso,Montana,93641,True,,,53257.33,,,95443.27,,,13223.68,0,0.21,0
19,Peter,Nobbs,Peter_Nobbs8908@eirey.tech,Male,4-337-178-4438,Mars,Production Painter,43,8567 Jackson Grove,Lancaster,Massachussets,64943,False,,,29834.44,,,35785.59,,,35668.73,0,0.15,0
20,Noah,Maxwell,Noah_Maxwell7788@muall.tech,Male,8-045-485-7510,Metro Cash&Carry,HR Specialist,51,1727 Antrobus   Tunnel,Hayward,Arizona,70750,False,,,71252.75,,,95071.43,,,70673.67,0,0.23,0
21,Stephanie,Allen,Stephanie_Allen6294@deavo.com,Female,0-666-848-6837,BuzzFeed,Pharmacist,53,6810 Angrave    Rue,Santa Ana,Montana,65540,True,,,61231.43,,,25194.53,,,16942.34,0,0.17,0
22,Florence,Pope,Florence_Pope8576@zorer.org,Female,0-560-300-0621,Global Print,Fabricator,72,6648 Commercial  Rue,Berlin,Kentucky,84942,False,,,36374.46,,,95277.11,,,56253.34,0,0.11,0
23,Joy,Ballard,Joy_Ballard1824@bungar.biz,Female,0-046-310-2602,Telekom,Dentist,45,7949 Linden Tunnel,Rochester,Illinois,77282,True,,,35953.51,,,83250.75,,,73884.29,0,0.17,0
24,Mandy,Eaton,Mandy_Eaton143@womeona.net,Female,5-586-671-8571,Team Guard SRL,Biologist,44,9027 Oxford Walk,Escondido,California,20106,True,,,97253.53,,,74104.67,,,24192.47,0,0.18,0
25,Davina,Boyle,Davina_Boyle1203@deons.tech,Female,1-357-273-8500,Team Guard SRL,Investment  Advisor,19,8292 Sherwood  Road,Kansas City,Nebraska,28377,True,,,34021.79,,,97476.68,,,88010.27,0,0.15,0
26,Elise,Saunders,Elise_Saunders4549@bulaffy.com,Female,3-371-627-1732,Comodo,Project Manager,25,6649 Erindale Rue,Valetta,Wyoming,77158,True,,,78781.92,,,86178.76,,,33449.4,0,0.16,0
27,Lily,Long,Lily_Long9483@zorer.org,Female,3-807-621-7830,Vodafone,HR Coordinator,72,9789 Boldero   Walk,Phoenix,Indiana,25823,False,,,28208.82,,,64204.62,,,73359.33,0,0.14,0
28,Sabina,Grady,Sabina_Grady3196@iatim.tech,Female,5-237-646-6546,CarMax,Front Desk Coordinator,56,3465 Abbey   Alley,Cincinnati,Washington,23896,True,85951.86,95479.53,45831.92,,,39841.35,,,88245.4,0,0.28,0
29,Lucas,Crawford,Lucas_Crawford6137@dionrab.com,Male,8-640-204-5568,Boeing,Steward,57,1919 Canon Way,Kansas City,Texas,82682,False,37786.08,67588.11,67350.49,,,55254.35,,,75138.65,0,0.23,0
30,Erin,Drummond,Erin_Drummond4767@fuliss.net,Female,5-101-872-5257,Leadertech Consulting,Health Educator,28,1021 Cliffords  Walk,Springfield,Arkansas,11129,False,34217.37,76703.48,98017.81,,,32937.0,,,64833.79,0,0.16,0
31,Mason,Burge,Mason_Burge8612@qater.org,Male,6-872-630-6750,Comcast,Service Supervisor,73,9153 Carpenter Vale,Columbus,Montana,15406,False,8495.31,89913.07,1021.76,,,9767.33,,,14729.58,0,0.23,0
32,Christine,Walsh,Christine_Walsh7317@ovock.tech,Female,0-426-427-3787,UPC,Biologist,35,7775 Caroline  Alley,Nashville,Hawaii,49017,True,34367.79,81385.0,55195.83,,,50349.07,,,95312.27,0,0.15,0
33,Denny,Little,Denny_Little7363@vetan.org,Male,4-725-674-0147,Amazon.com,Investment  Advisor,45,3067 Baylis  Route,Glendale,Idaho,70685,False,88539.38,21519.64,84344.43,,,45669.75,,,67780.68,0,0.13,0
34,Mabel,Ingham,Mabel_Ingham4870@elnee.tech,Female,3-860-318-5223,Team Guard SRL,Restaurant Manager,58,7349 King William  Pass,Oakland,Ohio,72730,False,40624.35,18868.55,72845.42,,,31883.15,,,30989.66,0,0.13,0
35,Janelle,Poole,Janelle_Poole2598@deavo.com,Female,7-061-746-7138,Biolife Grup,Inspector,24,9630 Collingwood  Drive,Bakersfield,North Dakota,26246,False,15751.35,97890.96,9705.33,,,17781.12,,,34737.93,0,0.21,0
36,Angelica,Foxley,Angelica_Foxley7104@sheye.org,Female,4-600-314-0705,DynCorp,Audiologist,30,9997 Buttonwood Tunnel,Arlington,Florida,91921,True,13011.78,79384.21,4429.81,,,43224.04,,,64819.59,0,0.22,0
37,Aiden,Walsh,Aiden_Walsh3199@ubusive.com,Male,5-874-527-6648,21st Century Fox,Lecturer,72,3703 Abourne   Road,Milwaukee,Utah,36065,True,88535.39,43116.69,65687.87,,,29804.93,,,93043.19,0,0.18,0
38,Matt,Drummond,Matt_Drummond5935@guentu.biz,Male,2-411-200-3121,Facebook,Restaurant Manager,20,4595 Coal Wharf  Vale,Columbus,Arizona,78768,True,17252.69,36637.72,81463.48,,,41880.57,,,17885.36,0,0.13,0
39,Domenic,Wilde,Domenic_Wilde9828@gembat.biz,Male,1-414-421-3873,Telekom,Lecturer,21,7832 Queen Caroline   Tunnel,Otawa,California,72909,False,86596.07,13131.97,79035.29,,,97064.05,,,6090.06,0,0.13,0
40,Louise,Gilmore,Louise_Gilmore9937@womeona.net,Female,5-815-874-3853,21st Century Fox,Lecturer,56,9727 Fairbairn  Alley,Jacksonville,Georgia,43457,False,35831.08,10171.39,18149.92,,,17954.61,,,33518.18,0,0.2,0
41,Eduardo,Palmer,Eduardo_Palmer7131@vetan.org,Male,0-068-541-8458,Facebook,Design Engineer,43,8176 Erindale Boulevard,Venice,Michigan,56482,False,20063.03,60270.47,90900.61,,,16323.89,,,78790.25,0,0.16,0
42,Rosie,Roscoe,Rosie_Roscoe2027@nickia.com,Female,4-061-410-6457,Apple Inc.,HR Coordinator,70,3211 Queen Crossroad,Oakland,Wisconsin,44712,False,4243.35,11809.88,8957.62,,,2161.74,,,50954.38,0,0.13,0
43,Denis,Watson,Denis_Watson4031@hourpy.biz,Male,3-002-062-4315,AECOM,Biologist,72,4517 Linden Crossroad,Detroit,California,47810,False,76149.71,93524.06,45286.28,,,26826.68,,,90356.81,0,0.12,0
44,George,Swan,George_Swan7405@womeona.net,Male,3-053-323-1485,CarMax,Software Engineer,45,1644 Queensberry  Pass,Rome,Massachussets,75362,False,87010.33,14292.26,2490.69,,,37920.75,,,9034.2,0,0.17,0
45,Bryon,Dobson,Bryon_Dobson2040@naiker.biz,Male,4-463-777-8175,Zepter,Retail Trainee,26,952 Unwin  Rue,Boston,Oklahoma,32551,True,98740.97,62408.04,53694.29,,,81112.32,,,21480.83,0,0.18,0
46,Anabelle,Cattell,Anabelle_Cattell6418@nanoff.biz,Female,2-682-624-0841,Carrefour,Lecturer,34,4011 Dunstans  Rue,Madison,Kentucky,82021,False,57454.59,54360.46,82992.11,,,98138.75,,,68467.28,0,0.14,0
47,Ivy,Garcia,Ivy_Garcia6833@guentu.biz,Female,5-402-783-8611,Danone,Webmaster,37,9330 Clerkenwell Rue,Los Angeles,Virginia,96927,False,73983.93,4577.77,40504.83,,,86983.74,,,84309.28,0,0.16,0
48,Elise,Edmonds,Elise_Edmonds1667@kideod.biz,Female,1-136-838-7565,Metro Cash&Carry,Loan Officer,56,8823 Bective  Lane,Chicago,Ohio,92095,False,12932.74,130.38,40911.19,,,57282.3,,,27759.67,0,0.21,0
49,Sara,Allen,Sara_Allen6528@ubusive.com,Female,2-715-814-3168,Leadertech Consulting,Web Developer,28,311 Longleigh   Avenue,Valetta,Illinois,14134,True,98235.32,63921.66,26744.75,,,27731.24,,,36830.25,0,0.12,0
50,Manuel,King,Manuel_King6923@mafthy.com,Male,4-546-622-8618,Boeing,Associate Professor,72,9070 Magnolia Pass,Rome,Utah,71440,True,58434.52,21599.36,22044.05,,,78448.15,,,5111.22,0,0.17,0
51,John,Clifford,John_Clifford3605@atink.com,Male,0-868-848-1312,Telekom,Call Center Representative,69,8903 Sherlock   Vale,Lyon,Maine,70310,False,83685.17,25935.87,50229.32,,,94174.16,,,25801.06,0,0.16,0
52,Denny,Dempsey,Denny_Dempsey9514@ovock.tech,Male,5-463-104-0701,Biolife Grup,CNC Operator,61,3958 Fairbairn  Rue,Lincoln,Vermont,76949,True,55801.98,63587.85,9573.05,,,90290.02,,,62661.75,0,0.3,0
53,Chad,Gilbert,Chad_Gilbert8989@gembat.biz,Male,3-438-741-2855,Erickson,Design Engineer,65,9220 Lexington Drive,Tokyo,West Virginia,32634,False,94234.23,61595.18,91261.84,,,19058.65,,,93243.68,0,0.16,0
54,Hank,Noach,Hank_Noach1065@liret.org,Male,8-304-128-3624,Danone,Machine Operator,72,7628 Chantry   Way,Norfolk,New Mexico,54542,True,66730.5,96436.15,29765.98,,,43516.18,,,97290.59,0,0.18,0
55,Carl,Matthews,Carl_Matthews2337@typill.biz,Male,0-223-056-8016,Leadertech Consulting,Design Engineer,56,3003 Ensign   Route,Salt Lake City,Tennessee,56673,False,1728.16,35505.91,5434.1,,,83572.51,,,75857.75,0,0.17,0
56,Ryan,Hall,Ryan_Hall8616@twace.org,Male,2-887-452-1631,Erickson,Mobile Developer,25,1876 Berriman  Hill,Pittsburgh,South Dakota,45189,True,745.98,11292.15,62544.28,,,77658.13,,,65614.5,0,0.16,0
57,Hayden,Mcgregor,Hayden_Mcgregor5859@nimogy.biz,Male,0-683-016-1172,Leadertech Consulting,Clerk,24,9162 Victoria  Grove,Memphis,Ohio,42265,True,38579.04,81871.47,4516.18,,,24376.78,,,89307.85,0,0.15,0
58,Ethan,Harvey,Ethan_Harvey2121@irrepsy.com,Male,3-158-053-3128,Vodafone,Baker,19,8805 Westcott  Vale,Lisbon,Virginia,96178,False,29090.67,64428.77,56719.53,,,64245.62,,,34287.29,0,0.18,0
59,Sebastian,Cowan,Sebastian_Cowan9507@nanoff.biz,Male,8-002-784-1630,Metro Cash&Carry,HR Coordinator,54,5688 Fieldstone Route,Irving,North Dakota,54885,False,34677.79,17151.87,86720.59,,,39546.16,,,9781.96,0,0.22,0
60,David,Callan,David_Callan1977@zorer.org,Male,7-046-876-5711,Zepter,Physician,27,3255 Angrave    Crossroad,Memphis,Florida,17056,False,71544.22,64441.13,43568.22,,,6221.94,,,69467.78,0,0.2,0
61,Javier,Tait,Javier_Tait7809@muall.tech,Male,6-327-667-3180,ENEL,Dentist,56,7604 Andrews  Pass,Boston,Wisconsin,98644,False,27835.27,13654.1,5681.61,,,48105.18,,,85831.57,0,0.24,0
62,Kimberly,Casey,Kimberly_Casey6841@eirey.tech,Female,0-223-625-3522,Team Guard SRL,Call Center Representative,73,6732 Coalecroft  Road,Oakland,New Mexico,89019,False,7819.45,18584.54,13395.48,,,27448.29,,,12471.17,0,0.18,0
63,Daniel,Buckley,Daniel_Buckley3065@sveldo.biz,Male,8-401-023-5760,Amazon.com,Bookkeeper,58,3013 Ampton  Rue,Milwaukee,Oklahoma,84112,True,8578.2,28572.28,86301.6,,,26967.01,,,55321.65,0,0.14,0
64,Skylar,Addley,Skylar_Addley652@atink.com,Female,6-345-432-8622,Demaco,Operator,29,6015 Union  Street,Reno,Arizona,59380,False,65479.51,13043.04,1019.22,,,46898.88,,,61651.94,0,0.13,0
65,Josh,Hamilton,Josh_Hamilton4038@corti.com,Male,8-401-675-1424,Comcast,Electrician,55,2231 Elgood   Grove,Zurich,New Mexico,24945,False,25383.2,79600.81,26486.95,,,24115.71,,,30842.35,0,0.17,0
66,Denis,Talbot,Denis_Talbot4838@eirey.tech,Male,6-585-883-0167,Global Print,Physician,71,3008 Linden Street,Scottsdale,Alaska,71182,False,57497.74,83267.13,10091.97,,,95136.49,,,78756.07,0,0.13,0
67,Carla,Bailey,Carla_Bailey5278@extex.org,Female,0-514-655-5847,Facebook,Stockbroker,47,2012 Rosewood Street,Innsbruck,Oregon,62410,False,40765.76,84148.38,11107.73,,,17014.54,,,67440.72,0,0.16,0
68,Chester,Edler,Chester_Edler1962@zorer.org,Male,1-314-343-5220,DynCorp,HR Coordinator,43,7651 Chelsea Manor  Crossroad,Bucharest,Iowa,74470,True,70872.2,14526.33,46062.79,,,68600.13,,,90651.57,0,0.28,0
69,Charlize,Ashwell,Charlize_Ashwell6440@mafthy.com,Female,6-773-281-4806,Facebook,Paramedic,51,5473 Lincoln Street,Richmond,Wyoming,97339,False,29571.87,37989.38,27997.06,,,1120.94,,,64484.51,0,0.1,0
70,Gil,Egerton,Gil_Egerton8174@famism.biz,Male,4-555-245-8235,Apple Inc.,Physician,57,9826 Dutton   Lane,Stockton,Massachussets,52339,False,42442.69,39656.3,72028.25,,,31564.53,,,50409.99,0,0.17,0
71,Hayden,Craig,Hayden_Craig9194@infotech44.tech,Male,2-540-675-0037,Apple Inc.,Inspector,38,125 King Edward  Route,New York,Minnesota,39408,False,23415.79,98502.52,94312.56,,,53467.09,,,63354.02,0,0.12,0
72,Oliver,Eastwood,Oliver_Eastwood1214@deons.tech,Male,8-227-275-3314,AECOM,Cashier,34,5711 Marina  Avenue,Jersey City,North Dakota,15126,False,68525.79,51947.7,37801.78,,,38489.36,,,62739.29,0,0.16,0
73,Chris,Flanders,Chris_Flanders4696@deavo.com,Male,2-680-800-6448,Carrefour,Web Developer,32,9545 Becklow  Walk,Jacksonville,Kentucky,15914,False,35586.43,65393.07,19295.89,,,3902.19,,,13932.69,0,0.16,0
74,Elena,Lloyd,Elena_Lloyd3861@vetan.org,Female,6-764-665-7566,It Smart Group,IT Support Staff,74,4346 Chatfield  Alley,San Francisco,North Carolina,11431,True,51316.47,2110.62,11200.6,,,51252.0,,,51577.89,0,0.14,0
75,Eden,Ebbs,Eden_Ebbs9624@gembat.biz,Female,6-786-635-0625,Amazon.com,Ambulatory Nurse,62,1501 Dutton   Tunnel,Phoenix,Nevada,88566,False,80572.28,70082.13,20556.92,,,45684.16,,,84960.69,0,0.11,0
76,Diane,Torres,Diane_Torres3049@mafthy.com,Female,3-343-703-3056,ExxonMobil,Stockbroker,50,2843 Jackson Tunnel,Salt Lake City,Indiana,59175,True,4274.36,58224.18,55648.34,,,14643.87,,,21049.24,0,0.14,0
77,Kendra,Patel,Kendra_Patel9660@yahoo.com,Female,7-542-170-0718,Carrefour,Health Educator,49,9243 Arctic   Hill,Colorado Springs,Mississippi,51096,False,87619.72,12644.81,2823.24,,,46088.98,,,56664.24,0,0.25,0
78,Rick,Grant,Rick_Grant2573@infotech44.tech,Male,4-831-315-4674,Coca-Cola Company,Health Educator,49,3528 Sheffield Alley,Salem,Illinois,77416,True,26395.56,91366.56,33227.05,,,50739.8,,,58207.55,0,0.27,0
79,Noah,Reese,Noah_Reese7174@qater.org,Male,4-662-772-4530,It Smart Group,Front Desk Coordinator,38,2265 Jackson Street,Milwaukee,Texas,78646,False,24120.02,76866.97,51995.09,,,1120.83,,,41973.59,0,0.2,0
80,Sofie,Farrant,Sofie_Farrant4417@sveldo.biz,Female,0-326-680-6661,Team Guard SRL,Business Broker,70,6278 Canon Avenue,Murfreesboro,New York,95386,True,33511.14,4619.99,59586.99,,,63160.73,,,65034.7,0,0.16,0
81,Harry,Turner,Harry_Turner4396@dionrab.com,Male,8-774-681-5036,Facebook,Electrician,25,823 Fairview Boulevard,Tokyo,North Dakota,29204,True,12247.02,5821.58,80283.29,,,45066.34,,,91028.53,0,0.18,0
82,Harvey,Wigley,Harvey_Wigley9982@muall.tech,Male,4-664-537-2828,Vodafone,Design Engineer,24,5909 King Edward  Road,Quebec,Michigan,79478,True,93738.73,26003.46,81637.96,,,23946.28,,,9265.83,0,0.18,0
83,Eduardo,Cork,Eduardo_Cork5390@bulaffy.com,Male,0-472-247-7228,Leadertech Consulting,Lecturer,42,6886 Norland  Hill,Amarillo,Kansas,61588,False,1169.99,77727.24,20413.65,,,32793.77,,,92193.86,0,0.14,0
84,Deborah,Potts,Deborah_Potts9236@supunk.biz,Female,3-522-633-2226,Demaco,Bellman,58,9401 Linden Vale,Oklahoma City,Tennessee,55514,False,8455.03,51864.54,69735.68,,,72532.43,,,11016.49,0,0.13,0
85,Selena,Cork,Selena_Cork1874@elnee.tech,Female,5-581-227-8705,Leadertech Consulting,Treasurer,47,5328 Magnolia Crossroad,San Antonio,Illinois,38194,True,61360.13,32195.06,64133.86,,,87098.86,,,18880.49,0,0.13,0
86,Bob,Richardson,Bob_Richardson9136@cispeto.com,Male,3-121-771-0242,21st Century Fox,Treasurer,52,9765 Railroad Pass,Kansas City,North Dakota,40140,True,75624.98,30436.35,36545.92,,,78502.0,,,61183.9,0,0.21,0
87,Josh,Lakey,Josh_Lakey2229@acrit.org,Male,3-245-771-3177,Team Guard SRL,Retail Trainee,41,5340 Clavell   Route,Tulsa,Georgia,92739,True,22483.15,32619.49,86418.22,,,42153.71,,,63519.21,0,0.18,0
88,Chester,Veale,Chester_Veale163@gompie.com,Male,2-843-063-6075,Apple Inc.,Biologist,47,6963 Lake Grove,Bakersfield,Kentucky,67444,False,7280.62,36863.58,20136.31,,,16909.69,,,32556.46,0,0.14,0
89,Eileen,Walton,Eileen_Walton6127@guentu.biz,Female,3-134-628-8822,Comodo,Assistant Buyer,20,8856 Victoria  Alley,Bakersfield,Texas,71570,True,70833.0,46538.65,98735.62,,,39839.74,,,59829.27,0,0.24,0
90,Roger,Benson,Roger_Benson1860@yahoo.com,Male,3-440-671-3843,Boeing,Retail Trainee,74,5499 Arbutus   Rue,Worcester,New Jersey,65789,False,31390.0,73823.07,80865.18,,,37895.64,,,5605.72,0,0.13,0
91,Jacob,Glass,Jacob_Glass8363@zorer.org,Male,5-274-343-0636,Amazon.com,Call Center Representative,57,5315 Balfe   Rue,Honolulu,Tennessee,33027,False,84243.21,14918.36,96260.24,,,36295.0,,,63062.8,0,0.14,0
92,Kenzie,Lane,Kenzie_Lane60@joiniaa.com,Female,0-877-115-1387,Erickson,Service Supervisor,48,3320 Heritage Walk,Madrid,Texas,64521,True,51914.82,7837.63,90148.69,,,99601.69,,,43325.49,0,0.24,0
93,Macy,Trent,Macy_Trent9222@grannar.com,Female,6-167-227-0838,It Smart Group,Staffing Consultant,68,4275 Sheffield Drive,Arlington,Hawaii,52978,True,17500.41,60893.59,28528.81,,,89545.95,,,92433.48,0,0.17,0
94,Doug,Lewis,Doug_Lewis5801@gmail.com,Male,7-116-380-6153,Coca-Cola Company,Assistant Buyer,35,662 Blackall   Crossroad,London,Hawaii,11787,False,14026.55,32725.63,49953.25,,,64624.49,,,78851.99,0,0.25,0
95,Domenic,Avery,Domenic_Avery671@nanoff.biz,Male,3-138-653-1546,AECOM,Mobile Developer,61,5157 Clere  Tunnel,Fayetteville,South Carolina,60863,False,74969.78,19184.1,86162.93,,,93472.26,,,31077.12,0,0.12,0
96,Kaylee,Palmer,Kaylee_Palmer3093@iatim.tech,Female,1-437-235-2104,CarMax,Paramedic,57,6215 Boadicea   Way,Innsbruck,Virginia,48149,True,5813.97,94454.31,14573.77,,,65408.81,,,47913.18,0,0.23,0
97,Teagan,Marshall,Teagan_Marshall6445@sheye.org,Female,3-548-001-5211,Danone,HR Specialist,59,5617 Yoakley Crossroad,Salem,Nevada,71750,False,73792.77,95041.95,43298.56,,,33732.04,,,80164.9,0,0.19,0
98,Elise,White,Elise_White9720@ovock.tech,Female,3-300-060-7360,Apple Inc.,Insurance Broker,68,9313 Cleaver Vale,Bakersfield,South Carolina,22090,False,29180.99,44186.34,97265.82,,,47840.61,,,59784.43,0,0.18,0
99,Marigold,Price,Marigold_Price8573@supunk.biz,Female,5-704-227-3800,Vodafone,Lecturer,35,9398 South Road,Stockton,Idaho,76581,True,93777.37,5002.69,70135.64,,,58406.26,,,83035.71,0,0.17,0
100,Lindsay,Shaw,Lindsay_Shaw3541@dionrab.com,Female,4-348-825-4503,Amazon.com,Fabricator,37,3262 Ampton  Tunnel,Prague,Massachussets,80718,False,66615.29,48685.65,34272.0,,,13186.09,,,82536.58,0,0.11,0
101,Elisabeth,Benfield,Elisabeth_Benfield3033@yahoo.com,Female,7-165-732-2861,Amazon.com,Doctor,69,4333 Calderwood   Road,Quebec,Oregon,40550,False,53990.24,86965.77,70447.66,,,24060.92,,,74300.83,0,0.13,0
102,Juliette,Latham,Juliette_Latham4325@bauros.biz,Female,8-077-626-7038,Amazon.com,Ambulatory Nurse,34,7507 Zealand Drive,Glendale,Missouri,95605,False,42765.2,39321.96,22178.89,,,40438.7,,,90770.41,0,0.11,0
103,Michelle,Holt,Michelle_Holt8624@vetan.org,Female,6-846-227-3415,Amazon.com,Inspector,27,5994 Virginia Crossroad,Prague,New Jersey,13067,True,68984.46,8864.39,58222.32,,,89115.65,,,5968.51,0,0.14,0
104,Martin,Healy,Martin_Healy7888@cispeto.com,Male,5-578-515-7557,Comcast,Lecturer,19,6535 Ernest  Route,Madison,Arizona,67467,True,98866.09,72309.6,32702.91,,,44906.6,,,8887.11,0,0.15,0
105,Alexander,Dillon,Alexander_Dillon6225@twipet.com,Male,8-058-247-1804,CarMax,Cash Manager,42,1418 Erindale Crossroad,Quebec,Arkansas,62336,False,46309.29,33290.02,26178.66,,,89067.14,,,91071.32,0,0.16,0
106,Sydney,Anderson,Sydney_Anderson5558@extex.org,Female,6-016-446-5583,Erickson,Loan Officer,44,307 Aberavon  Street,Philadelphia,Alaska,45028,True,20007.68,61636.76,56522.68,,,58075.94,,,90939.79,0,0.15,0
107,Maxwell,Kelly,Maxwell_Kelly9210@atink.com,Male,7-086-165-8125,Coca-Cola Company,Global Logistics Supervisor,58,281 Battersea   Rue,Tokyo,New Jersey,69063,False,85924.72,15150.03,43456.83,,,42010.83,,,63406.05,0,0.19,0
108,Marvin,Turner,Marvin_Turner1754@tonsy.org,Male,4-701-724-0584,BuzzFeed,Project Manager,20,7333 Berriman  Walk,Springfield,Ohio,53357,True,25188.95,70335.45,60742.17,,,263.38,,,69040.04,0,0.15,0
109,Nate,Wilde,Nate_Wilde5182@infotech44.tech,Male,8-873-116-4634,CarMax,Budget Analyst,49,6598 Queen Boulevard,Scottsdale,Arizona,33176,False,58706.16,80852.43,74707.48,,,35784.79,,,66422.81,0,0.26,0
110,Sadie,Tobin,Sadie_Tobin5571@eirey.tech,Female,7-106-026-7141,Areon Impex,Global Logistics Supervisor,54,3987 Babmaes    Avenue,San Diego,Illinois,82132,True,67217.72,82797.23,51128.07,,,34629.09,,,27489.02,0,0.15,0
111,George,Silva,George_Silva6838@muall.tech,Male,3-510-714-4084,Biolife Grup,Call Center Representative,21,8177 Baynes  Pass,Louisville,Hawaii,73756,False,28278.31,94472.01,48111.73,,,27598.07,,,67269.92,0,0.2,0
112,Phillip,Jenkin,Phillip_Jenkin5104@famism.biz,Male,7-006-668-6456,Apple Inc.,Banker,53,7634 Queensberry  Route,San Bernardino,New Jersey,28260,False,54170.31,24140.73,84131.54,,,28936.66,,,24027.1,0,0.13,0
113,Johnny,Murray,Johnny_Murray2150@ovock.tech,Male,3-518-477-3531,Team Guard SRL,Call Center Representative,65,1838 Jackson Rue,Norfolk,Kentucky,70637,False,39742.17,85850.89,28758.22,,,91966.69,,,28792.88,0,0.17,0
114,Alexia,Mould,Alexia_Mould9178@acrit.org,Female,2-451-042-1568,Facebook,Banker,31,6435 Carpenter Road,Sacramento,Michigan,65323,True,78173.63,34564.73,79956.79,,,67211.0,,,26932.83,0,0.14,0
115,Carter,Marshall,Carter_Marshall9697@brety.org,Male,8-524-236-6866,Apple Inc.,Investment  Advisor,68,8887 Coalecroft  Route,Prague,Michigan,81398,False,12934.77,86442.88,19129.86,,,41598.19,,,21327.48,0,0.16,0
116,Russel,West,Russel_West688@elnee.tech,Male,2-810-738-1071,Facebook,Retail Trainee,72,4834 Udall   Route,Rome,Hawaii,37105,False,37519.39,21731.19,91608.76,,,40552.33,,,39088.27,0,0.11,0
117,Liliana,Hobbs,Liliana_Hobbs3470@kideod.biz,Female,0-668-011-6061,Global Print,Stockbroker,68,6520 Vincent  Street,Miami,Rhode Island,33267,False,43002.31,81902.05,8359.11,,,60503.76,,,93312.16,0,0.16,0
118,Barney,Sylvester,Barney_Sylvester629@deons.tech,Male,4-718-831-8156,BuzzFeed,Paramedic,52,4385 Bliss  Avenue,Venice,Tennessee,97319,False,64484.78,39335.36,5249.22,,,71927.37,,,33986.02,0,0.17,0
119,John,Ainsworth,John_Ainsworth4716@gompie.com,Male,3-245-631-1141,Mars,Operator,36,5028 Capeners  Boulevard,St. Louis,South Dakota,86918,False,5807.64,57589.63,45628.79,,,11839.09,,,62917.19,0,0.17,0
120,Piper,Kerr,Piper_Kerr8598@bulaffy.com,Female,8-706-876-1768,BuzzFeed,Budget Analyst,20,9992 King William  Vale,London,Montana,18116,False,34617.12,67529.61,15212.44,,,67027.76,,,98904.9,0,0.19,0
121,Elly,Wooldridge,Elly_Wooldridge2019@tonsy.org,Female,5-528-427-7228,Erickson,Cashier,59,1440 Fawn Street,Amarillo,Illinois,98272,False,76398.27,54389.28,27016.65,,,85534.68,,,33895.66,0,0.12,0
122,Wade,Thorne,Wade_Thorne9758@fuliss.net,Male,0-136-871-6038,21st Century Fox,Associate Professor,45,3954 Marina  Tunnel,Worcester,Ohio,17596,False,17945.69,22644.41,56969.38,,,31758.54,,,92741.16,0,0.22,0
123,Nick,Nielson,Nick_Nielson6861@cispeto.com,Male,7-317-188-0777,Global Print,Accountant,59,7139 Arthur  Crossroad,San Antonio,South Dakota,66095,False,48671.38,73069.77,13182.22,,,75856.42,,,56080.81,0,0.13,0
124,Daniel,Owens,Daniel_Owens3614@guentu.biz,Male,3-686-108-2058,Biolife Grup,Cash Manager,28,696 Magnolia Street,London,Nevada,49052,False,485.23,49007.73,2242.23,,,81213.64,,,27227.9,0,0.2,0
125,Carl,Cobb,Carl_Cobb8244@zorer.org,Male,1-617-644-6808,AECOM,Insurance Broker,54,2977 Church Walk,Venice,Utah,36183,True,96313.88,74812.65,29247.06,,,36216.76,,,15864.31,0,0.23,0
126,Melinda,Little,Melinda_Little9257@irrepsy.com,Female,2-057-055-2317,ExxonMobil,Production Painter,41,5644 Besson  Grove,Tallahassee,Maryland,26308,False,53189.74,38236.8,46249.33,,,25784.4,,,43579.63,0,0.11,0
127,Hayden,London,Hayden_London4519@nanoff.biz,Male,8-738-812-0711,UPC,Banker,59,1250 Coley  Route,Cincinnati,New York,28680,True,33192.43,60264.57,78191.03,,,51626.77,,,53641.56,0,0.15,0
128,Tom,Bullock,Tom_Bullock4591@yahoo.com,Male,7-556-288-3225,BuzzFeed,Audiologist,72,3431 Adderley   Way,Indianapolis,Wyoming,41344,True,77510.46,75508.65,79965.79,,,66102.35,,,82360.74,0,0.18,0
129,Ilona,Taylor,Ilona_Taylor9343@elnee.tech,Female,2-305-726-5087,Areon Impex,HR Specialist,57,6569 Rivervalley Alley,Fullerton,Iowa,90835,True,6257.56,62857.08,89054.57,,,10510.41,,,54142.25,0,0.26,0
130,Wade,Hilton,Wade_Hilton8735@hourpy.biz,Male,3-138-254-2521,Coca-Cola Company,Treasurer,28,30 Bellenden   Lane,Rome,Rhode Island,63863,True,11208.13,67808.52,83709.59,,,40809.19,,,5450.36,0,0.25,0
131,Jacob,Rees,Jacob_Rees1226@yahoo.com,Male,7-611-372-6654,Comcast,HR Coordinator,39,2246 Sherwood  Pass,Salt Lake City,Missouri,36842,False,19053.82,42204.48,56038.89,39858.77,78055.71,29970.28,,,82622.41,0,0.16,0
132,Henry,Ellison,Henry_Ellison8508@deavo.com,Male,7-721-106-4325,Erickson,Inspector,24,3821 Chester  Road,Nashville,Louisiana,85418,False,14594.15,94731.12,30076.03,28561.97,78207.5,34764.01,,,91271.41,0,0.14,0
133,Kieth,Leigh,Kieth_Leigh7881@zorer.org,Male,0-066-107-8868,Danone,Operator,21,810 Boleyn  Drive,Escondido,Nevada,24378,False,65533.86,19076.54,62068.24,16567.1,1604.06,95667.59,,,72768.75,0,0.19,0
134,Aileen,Ralph,Aileen_Ralph4178@yahoo.com,Female,5-728-276-0741,ENEL,Food Technologist,72,9586 Tisbury  Lane,Bellevue,New York,95481,True,4704.34,12261.23,21365.43,42496.25,84940.63,19666.38,,,15648.84,0,0.12,0
135,Valentina,Jennson,Valentina_Jennson6157@tonsy.org,Female,6-320-080-7450,UPC,Stockbroker,53,6571 Bigland  Grove,Fort Lauderdale,Hawaii,32979,False,16127.37,52032.71,9455.91,82287.85,49332.05,5425.02,,,41115.39,0,0.15,0
136,Noah,Norburn,Noah_Norburn8285@gompie.com,Male,0-583-068-6161,Danone,Designer,24,4818 Hammersmith  Crossroad,Lancaster,Vermont,34023,False,64301.94,6994.45,2665.5,76324.66,11321.13,61958.18,,,90252.09,0,0.16,0
137,Jacob,Barclay,Jacob_Barclay2499@yahoo.com,Male,1-413-832-2818,Amazon.com,Cashier,20,5602 Woodland Way,San Diego,Alabama,79976,True,20077.25,25520.68,74136.84,66431.5,98470.47,69597.78,,,56410.98,0,0.12,0
138,Cedrick,Matthews,Cedrick_Matthews1651@brety.org,Male,7-317-132-2873,Demaco,Investment  Advisor,70,2459 Emily  Walk,San Francisco,California,51706,False,88229.66,53782.28,64353.36,30424.03,73094.81,36233.92,,,55182.28,0,0.12,0
139,Benny,Harrison,Benny_Harrison5617@iatim.tech,Male,8-625-302-7314,ENEL,Treasurer,38,5593 Enford   Avenue,Venice,Nebraska,52788,False,71533.51,30536.77,49778.36,70510.74,26110.5,97337.58,,,756.53,0,0.19,0
140,Brad,Ashwell,Brad_Ashwell7414@elnee.tech,Male,0-560-661-6587,Global Print,Assistant Buyer,34,3763 Chatsworth  Route,Worcester,New Mexico,74690,False,96829.84,24164.52,98580.84,44185.28,62892.08,4271.37,,,59727.77,0,0.18,0
141,Audrey,Richardson,Audrey_Richardson7433@elnee.tech,Female,2-767-726-2716,It Smart Group,Cashier,44,5827 English   Rue,Scottsdale,Connecticut,42037,True,15636.56,58952.41,61760.41,74137.1,12839.97,76738.47,,,79900.31,0,0.14,0
142,Jane,Allcott,Jane_Allcott230@typill.biz,Female,8-078-460-8631,UPC,Dentist,29,553 Hammersmith  Route,Irving,Wisconsin,77689,True,87588.0,46207.72,38151.43,2549.55,12549.3,73154.95,,,6440.13,0,0.2,0
143,Parker,Richards,Parker_Richards1697@nickia.com,Female,2-517-740-7434,ENEL,Audiologist,28,9701 Timber   Rue,Orlando,Michigan,89107,False,92885.16,99161.52,23240.18,66725.98,42104.02,17859.34,,,48753.13,0,0.14,0
144,Matthew,Eddison,Matthew_Eddison6687@joiniaa.com,Male,3-382-857-5218,Biolife Grup,Laboratory Technician,49,2701 Cadogan  Crossroad,Bucharest,Virginia,74806,True,86526.42,89801.47,54825.04,29739.48,33490.52,25005.8,,,5167.04,0,0.31,0
145,Cassandra,Shepherd,Cassandra_Shepherd1872@bretoux.com,Female,4-844-636-5483,Global Print,Biologist,27,502 Abbotswell  Alley,Washington,New Hampshire,87081,True,77845.07,93461.59,81092.4,57573.66,76867.96,93539.1,,,42949.02,0,0.18,0
146,Elena,Hepburn,Elena_Hepburn6047@mafthy.com,Female,4-478-074-0526,Carrefour,Restaurant Manager,61,5330 Beaconsfield  Rue,Baltimore,North Dakota,58755,False,2301.05,20023.04,6254.27,25207.23,78036.55,79357.43,,,28648.12,0,0.18,0
147,Nate,Huggins,Nate_Huggins3375@deavo.com,Male,3-165-340-3247,Telekom,Systems Administrator,51,8023 Bendall   Avenue,El Paso,New York,33804,True,18561.08,55455.64,57342.51,74395.52,25115.14,85157.93,,,63163.78,0,0.14,0
148,Doug,Thomson,Doug_Thomson3310@supunk.biz,Male,8-564-274-4741,Carrefour,Production Painter,19,3954 Bendmore  Tunnel,Murfreesboro,North Dakota,18288,False,30544.7,72244.04,69675.62,81138.81,50133.03,59219.8,,,63674.4,0,0.21,0
149,Gabriel,Alldridge,Gabriel_Alldridge5880@deons.tech,Male,5-805-222-7250,Amazon.com,Health Educator,21,2327 Canal  Avenue,Reno,Massachussets,97329,False,2532.48,46964.17,89103.09,81519.19,97716.67,69301.92,,,55364.98,0,0.15,0
150,Darlene,Russell,Darlene_Russell3515@gmail.com,Female,7-127-351-3171,UPC,Webmaster,23,5586 Kingly  Vale,Sacramento,Hawaii,46668,False,89625.51,89337.4,53433.21,23308.98,14352.43,17586.11,,,82872.4,0,0.14,0
151,Doug,Gonzales,Doug_Gonzales8160@grannar.com,Male,8-456-338-2866,Demaco,Designer,55,112 Elia   Lane,Irving,Tennessee,78922,False,44069.71,70864.5,72095.66,15289.47,98840.05,92716.63,,,64119.86,0,0.14,0
152,Isabel,Niles,Isabel_Niles6564@bretoux.com,Female,7-308-017-8107,Carrefour,Associate Professor,72,17 Bond Vale,Stockton,Connecticut,93794,True,97212.52,56756.33,4894.57,96422.5,2506.69,26768.41,,,55103.95,0,0.17,0
153,Irene,Noon,Irene_Noon44@gmail.com,Female,1-613-853-3200,Comcast,Fabricator,58,9173 Ashley Boulevard,Saint Paul,Louisiana,74868,False,82824.45,30127.44,22512.03,60071.5,5668.64,66551.7,,,27477.58,0,0.13,0
154,Molly,Todd,Molly_Todd8971@mafthy.com,Female,7-188-015-0728,Metro Cash&Carry,Front Desk Coordinator,26,5858 Emily  Walk,Valetta,Rhode Island,27277,True,68088.66,38068.49,71900.09,14015.36,73860.01,90613.99,,,94349.67,0,0.2,0
155,Lana,Adams,Lana_Adams6862@joiniaa.com,Female,2-557-073-6452,BuzzFeed,Auditor,67,9716 Ensign   Road,Washington,Idaho,97154,True,9698.95,46202.38,9917.9,74858.18,62991.16,94165.52,,,8013.36,0,0.25,0
156,Analise,Hope,Analise_Hope4087@naiker.biz,Female,8-544-514-8724,Amazon.com,Cash Manager,58,5049 West Way,Bakersfield,Washington,31076,True,47450.89,79903.83,66081.87,37453.12,93186.66,23678.06,,,98993.7,0,0.14,0
157,Analise,Clark,Analise_Clark8105@tonsy.org,Female,6-276-115-8177,Demaco,Investment  Advisor,19,5991 Lexington Tunnel,Albuquerque,Alaska,80857,True,51639.85,49707.79,89220.03,21539.32,422.76,57557.03,,,67161.78,0,0.12,0
158,Andie,Poulton,Andie_Poulton9028@guentu.biz,Female,8-675-583-3248,Facebook,Food Technologist,67,5959 Viscount   Vale,Jacksonville,Massachussets,92004,False,95121.46,61178.85,51569.08,37459.35,22593.21,45847.6,,,30220.96,0,0.11,0
159,Chester,Martin,Chester_Martin7835@hourpy.biz,Male,5-083-388-0272,Leadertech Consulting,Retail Trainee,52,7775 Coley  Vale,Lakewood,Rhode Island,59251,False,1587.2,45767.25,18000.64,31722.05,63584.18,45832.65,,,22380.26,0,0.13,0
160,Cecilia,Weatcroft,Cecilia_Weatcroft6758@joiniaa.com,Female,2-013-272-3166,ExxonMobil,Steward,70,8376 Camdale  Lane,Kansas City,Michigan,36457,True,8246.32,88737.96,89040.76,67432.97,36542.9,34484.81,,,54371.97,0,0.14,0
161,Caleb,Connell,Caleb_Connell4877@gembat.biz,Male,1-752-211-5312,Biolife Grup,Software Engineer,64,8383 Littlebury  Hill,Amarillo,Arizona,61139,False,6977.57,16508.79,92098.76,88265.6,31372.59,35921.48,,,52545.28,0,0.21,0
162,Bryon,Andrews,Bryon_Andrews6515@irrepsy.com,Male,1-046-415-0806,AECOM,Front Desk Coordinator,48,539 Rail Drive,Bridgeport,Nevada,17350,False,66940.95,95690.39,26941.77,37436.89,45237.54,83199.38,,,26173.05,0,0.15,0
163,Mabel,Griffiths,Mabel_Griffiths5796@grannar.com,Female,7-242-663-5152,Amazon.com,Restaurant Manager,37,1240 Parkfields Hill,Irving,Indiana,31788,False,55284.62,6641.55,93404.38,70521.74,18144.59,6191.92,,,15278.05,0,0.1,0
164,Brad,Hancock,Brad_Hancock7836@bauros.biz,Male,7-686-712-0765,BuzzFeed,Pharmacist,74,1257 Bede  Drive,Prague,Idaho,73530,True,29076.1,30891.05,48602.57,4055.89,34365.52,79757.95,,,49531.63,0,0.2,0
165,Alan,Wood,Alan_Wood4839@muall.tech,Male,4-651-710-7454,Team Guard SRL,Bookkeeper,33,9944 Elia   Hill,San Antonio,Vermont,34097,True,65446.08,10303.72,36134.83,63925.04,80078.89,7398.65,,,67129.89,0,0.2,0
166,Florence,Norris,Florence_Norris1606@deons.tech,Female,2-852-503-3382,Erickson,Doctor,28,4626 Blenkarne  Lane,Hollywood,Florida,36615,False,83348.05,91090.3,65037.34,72139.47,66865.0,74723.86,,,87306.32,0,0.12,0
167,Bethany,Heaton,Bethany_Heaton6192@acrit.org,Female,7-328-767-0358,Amazon.com,Paramedic,52,6912 Collent   Grove,Toledo,North Dakota,61241,True,85409.99,39809.37,58393.63,93796.54,77337.27,99965.58,,,32407.78,0,0.13,0
168,Domenic,Vangness,Domenic_Vangness4022@bungar.biz,Male,2-751-547-8385,21st Century Fox,Loan Officer,27,3667 Adams  Pass,Tokyo,Oklahoma,91681,True,77973.95,92210.41,65992.84,9740.56,62355.63,99993.12,,,99062.68,0,0.31,0
169,Sloane,Janes,Sloane_Janes1329@mafthy.com,Female,3-840-140-1338,Comcast,Mobile Developer,74,3858 Garfield Boulevard,Detroit,Florida,61599,False,96851.92,93571.04,7776.59,9286.4,69482.1,62516.06,,,71351.1,0,0.13,0
170,Harvey,James,Harvey_James7407@supunk.biz,Male,4-058-460-8374,ENEL,Business Broker,25,7786 King Edward  Road,Washington,Vermont,23162,True,71396.55,79419.45,21680.42,92798.8,89875.56,12550.43,33694.19,67687.92,64193.51,1,0.28,0
171,Enoch,Dempsey,Enoch_Dempsey6496@womeona.net,Male,4-340-222-8653,UPC,Clerk,68,3000 Berriman  Boulevard,Berna,Missouri,33732,True,9390.13,19614.69,54856.06,76951.55,91053.35,2235.6,56712.89,12016.24,56145.02,1,0.27,0
172,Rebecca,Yarlett,Rebecca_Yarlett1293@liret.org,Female,8-074-342-3350,CarMax,Cook,62,6732 Bel   Hill,Quebec,Mississippi,64502,True,55034.2,63424.56,30865.21,31422.11,32602.68,97639.66,41934.84,79420.57,80882.52,1,0.18,0
173,Josh,Tutton,Josh_Tutton158@twace.org,Male,2-514-025-4344,21st Century Fox,Steward,42,3817 Lincoln Rue,Bucharest,Montana,21969,True,43005.63,20489.54,5467.12,80179.78,97696.71,75073.65,29286.08,70768.88,74835.5,1,0.24,0
174,Peyton,Vinton,Peyton_Vinton35@twipet.com,Female,5-604-830-7001,Metro Cash&Carry,Doctor,49,5945 Cobden  Walk,Honolulu,Washington,27697,True,24902.73,54210.2,19715.95,36436.48,89685.46,97624.27,5123.84,68182.17,29692.66,1,0.29,0
175,Kimberly,Vernon,Kimberly_Vernon3701@fuliss.net,Female,5-545-370-6047,Leadertech Consulting,Budget Analyst,72,451 Ernest  Grove,Houston,North Dakota,63104,False,34234.9,36557.35,15537.35,16677.37,11227.54,67992.48,82699.95,96387.92,31401.99,1,0.19,0
176,Rita,Moore,Rita_Moore7994@nimogy.biz,Female,8-837-823-7122,Global Print,Retail Trainee,42,3844 Bond Street,Quebec,Connecticut,64875,True,86282.53,3882.79,42890.7,86650.8,84436.61,25683.53,35580.65,99972.46,14580.13,1,0.12,0
177,Fred,Pierce,Fred_Pierce6830@famism.biz,Male,7-666-760-5718,Danone,Steward,46,9404 Clifton  Tunnel,Oakland,Massachussets,68142,True,53244.72,94955.84,6517.52,47024.5,8144.49,31935.72,74577.65,18097.95,8958.87,1,0.19,0
178,Oliver,Asher,Oliver_Asher1518@bauros.biz,Male,0-877-363-4886,Vodafone,Design Engineer,34,5443 Canon Alley,Miami,Washington,52481,False,54039.34,54439.49,38085.41,97988.37,8905.78,34954.87,91334.77,2193.45,13523.63,1,0.23,0
179,William,Dickson,William_Dickson1936@ubusive.com,Male,2-430-482-4444,Comcast,Ambulatory Nurse,39,5593 Kingly  Rue,Lincoln,Maryland,49308,True,29385.35,82060.88,46055.0,11062.22,22897.2,50749.31,18724.08,59547.06,54908.44,1,0.21,0
180,Carolyn,Barclay,Carolyn_Barclay1470@nanoff.biz,Female,5-804-138-0457,Comodo,Health Educator,57,9907 Coborn  Boulevard,Denver,Iowa,37094,True,3001.19,30591.77,24867.27,69959.76,93980.84,86522.2,31362.83,15902.57,31580.18,1,0.26,0
181,Benny,Needham,Benny_Needham5627@eirey.tech,Male,2-318-477-1316,Vodafone,Chef Manager,56,6251 Boleyn  Street,Orlando,Idaho,30412,False,90069.67,12679.74,16603.96,95854.54,11379.27,73953.89,68586.02,75867.46,50413.71,1,0.23,0
182,Wade,Swift,Wade_Swift4166@typill.biz,Male,0-128-380-6168,Coca-Cola Company,Clerk,36,6075 Becklow  Lane,Jersey City,Arkansas,27865,False,79835.46,21066.46,51235.72,79224.11,25994.24,90597.56,74934.14,19888.45,89519.97,1,0.25,0
183,Jayden,Clarke,Jayden_Clarke7512@guentu.biz,Male,1-115-835-0767,Vodafone,Biologist,68,2707 Sheraton   Grove,Fort Lauderdale,Utah,87613,True,29290.64,86395.87,91928.81,78866.39,19011.6,92778.65,76102.83,69592.97,6619.12,1,0.25,0
184,Ryan,Ross,Ryan_Ross1752@mafthy.com,Male,7-250-640-6221,DynCorp,Fabricator,71,9458 Thorndike   Avenue,Stockton,Connecticut,45714,True,91567.98,92143.7,32426.98,49989.8,34724.27,28428.74,74412.23,95904.59,95669.98,1,0.26,0
185,Cadence,Baldwin,Cadence_Baldwin9236@corti.com,Female,4-055-011-8742,Comodo,Designer,60,9929 Chesterfield  Grove,Saint Paul,New Mexico,62330,True,65041.72,35720.48,50588.03,13548.81,59835.96,23198.96,40050.49,123.33,27323.65,1,0.16,0
186,Danny,Woods,Danny_Woods6898@guentu.biz,Male,4-046-148-2051,Biolife Grup,HR Coordinator,37,6480 Carnegie   Lane,Worcester,Oklahoma,59587,True,53546.81,40539.42,80634.34,87345.86,54098.11,64811.06,81598.15,32885.32,49661.44,1,0.28,0
187,Wade,Button,Wade_Button5371@famism.biz,Male,2-310-773-5066,Apple Inc.,Healthcare Specialist,53,4613 Meadow Street,Rome,Iowa,51537,True,58711.21,1448.1,48443.11,76859.96,96922.49,18143.73,26927.3,4113.6,9975.97,1,0.25,0
188,Elisabeth,Moore,Elisabeth_Moore7328@tonsy.org,Female,2-146-125-2235,Areon Impex,Dentist,65,8968 Chapel  Vale,Venice,New Mexico,16258,True,41876.58,1267.27,23461.87,31686.28,64207.86,76898.29,75152.93,23867.64,76489.02,1,0.2,0
189,Denny,Stone,Denny_Stone3217@iatim.tech,Male,1-443-721-2282,BuzzFeed,Operator,73,4771 Callcott   Grove,Wien,Nevada,12652,True,42053.43,19885.6,12853.48,36845.41,35402.47,66154.52,91281.24,18062.09,19617.32,1,0.24,0
190,Johnny,Wilcox,Johnny_Wilcox7812@womeona.net,Male,0-637-635-2873,BuzzFeed,Staffing Consultant,68,6491 Berry  Walk,Louisville,Delaware,69142,True,78762.82,87187.75,9752.06,63008.44,21008.89,87224.77,34721.95,61956.35,59997.12,1,0.27,0
191,David,Janes,David_Janes8997@grannar.com,Male,5-016-347-0102,DynCorp,Dentist,73,1126 Jackson Route,Fayetteville,North Dakota,93093,True,19492.35,52379.17,69759.86,59825.83,3879.77,76379.4,19769.51,69386.85,17250.77,1,0.34,0
192,Javier,Fenton,Javier_Fenton8714@infotech44.tech,Male,4-148-275-0073,DynCorp,Stockbroker,54,4276 Howard Boulevard,Columbus,Oregon,38736,True,76824.12,12716.24,63295.92,72224.18,85183.35,36375.57,82607.89,84909.32,83591.29,1,0.32,0
193,Kurt,Dyson,Kurt_Dyson3434@gmail.com,Male,2-216-075-3387,Carrefour,Budget Analyst,55,6987 West Pass,Garland,West Virginia,93302,False,63134.57,30529.0,3533.66,47421.69,43234.75,33601.93,28955.54,18834.92,62012.15,1,0.28,0
194,Helen,Jones,Helen_Jones4420@nimogy.biz,Female,6-080-064-5821,Carrefour,Cook,26,487 Epworth  Way,Milwaukee,Michigan,59033,False,24365.93,73414.16,57007.07,72892.59,69310.49,36972.13,59321.97,90500.97,32995.83,1,0.19,0
195,Anthony,Evans,Anthony_Evans9833@grannar.com,Male,7-077-771-1883,Coca-Cola Company,Healthcare Specialist,27,5897 Ashley Alley,Bakersfield,Idaho,20345,False,48276.29,16290.9,79455.81,10221.01,45481.74,77802.76,58663.51,68718.71,68882.65,1,0.32,0
196,Ramon,Penn,Ramon_Penn4928@gembat.biz,Male,3-243-234-3600,Carrefour,Global Logistics Supervisor,67,2062 Longman   Grove,Paris,Texas,56961,True,41166.47,43738.07,42079.11,80976.86,28616.92,17895.51,30175.59,45278.62,13174.19,1,0.31,0
197,Kieth,Cooper,Kieth_Cooper5975@joiniaa.com,Male,7-127-166-0821,21st Century Fox,Staffing Consultant,49,5361 Garfield Avenue,Saint Paul,Texas,55157,False,40113.31,25621.56,27026.79,70990.58,46127.32,43857.49,82319.71,26188.02,16487.68,1,0.3,0
198,Evelynn,Chapman,Evelynn_Chapman556@atink.com,Female,5-764-878-2558,CarMax,Staffing Consultant,27,5195 Chartham  Pass,Houston,Maine,60283,False,97587.5,52582.0,82459.14,28112.19,61202.89,59801.68,21471.64,72162.96,57504.56,1,0.22,0
199,Chad,Neal,Chad_Neal7022@joiniaa.com,Male,3-551-165-6078,Erickson,Assistant Buyer,56,9827 Vincent  Route,Lakewood,Texas,41417,True,45938.56,20050.67,17906.54,25854.33,75231.22,8179.4,12232.72,46127.78,97008.23,1,0.32,0
